Sex,Avg_Age,Avg_Cholesterol,Heart_Disease_Count
F,56.1,248.1,10
M,52.90909090909091,246.8181818181818,11
